Actual_Total LUTs,Actual_FFs,Actual_RAMBs,Actual_DSP Blocks,Pred_Total LUTs,Pred_FFs,Pred_RAMBs,Pred_DSP Blocks
3.8853,2.6316000000000006,5.714300000000001,0.0,3.9629329999999934,2.7023329999999954,5.828585999999999,0.0
7.938,8.0686,1.4286,0.0,7.15881060833334,6.6729780000000005,1.5982344999999991,0.0
1.2744,0.7829,0.3571,0.0,2.956653850000001,1.7737105000000013,3.433608750000003,0.0
0.9117,0.5141,0.3571,0.0,1.31388555,0.7351296666666675,1.188060333333332,0.0
3.8853,2.6316000000000006,5.714300000000001,0.0,3.9629329999999934,2.7023329999999954,5.828585999999999,0.0
0.5771,0.328,0.3571,0.0,5.202997908333334,4.059761250000004,1.035727000000001,0.0
7.939800000000001,8.0686,1.4286,0.0,7.15881060833334,6.6729780000000005,1.5982344999999991,0.0
0.609,0.4361,3.2141999999999995,0.0,0.6174970000000001,0.44233883333333285,3.2141999999999915,0.0
0.609,0.4361,3.2141999999999995,0.0,0.6174970000000001,0.44233883333333285,3.2141999999999915,0.0
1.8026,1.0874,0.3571,0.0,2.914452,1.447195733333333,0.8050411666666656,0.0
0.609,0.4361,3.2141999999999995,0.0,0.6748190000000002,0.6229833333333332,3.8892149999999948,0.0
6.141,1.281,1.0714000000000001,5.4545,5.8189413333333375,1.1802849999999996,0.5749919999999991,2.963658
1.3609,0.7632,0.3571,0.0,8.920460016666661,5.108386333333326,13.776153333333337,0.0
1.8402000000000003,0.6833,0.7143,0.0,1.840199999999998,0.6833000000000004,0.7142999999999989,0.0
