feature,BRAM (36k eq.),DSP Blocks,Total FFs,Total LUT
ImgDim,0.0,0.0,0.46831432,0.24387473
NumChannels,0.0,0.0,0.2609178,0.65032035
SIMD,0.0,0.0,0.27076784,0.10580499
depth,0.0,0.0,0.0,0.0
inWidth,0.0,0.0,0.0,0.0
