feature,BRAM (36k eq.),DSP Blocks,Total FFs,Total LUT
depth,0.0,0.0,0.07083416,0.3352961
inWidth,0.0,0.0,0.24901418,0.38652498
isImpl_styleRtl,0.0,0.0,0.68015164,0.27817893
