module,n_features,TEST_R2_Total_LUT,TEST_RMSE_Total_LUT,TEST_R2_Total_FFs,TEST_RMSE_Total_FFs,TEST_R2_BRAM_36k_eq,TEST_RMSE_BRAM_36k_eq,TEST_R2_DSP_Blocks,TEST_RMSE_DSP_Blocks
MVAU,17,0.9997859158620059,57.654335021972656,0.9999879812406449,21.068124771118164,0.9998961796069935,0.07840349525213242,0.9999691546402758,0.17444799840450287
ConvolutionInputGenerator,6,0.9004632506427541,15.78329849243164,0.645587439066008,46.43919372558594,1.0,0.0,1.0,0.0
StreamingFIFO_LUT,3,0.5135217521130637,174.66622924804688,0.11257878959896117,247.37757873535156,1.0,0.0,1.0,0.0
StreamingFIFO_BRAM,2,-0.052455765422676714,7.398736476898193,-0.03656242354405648,4.498329162597656,-0.03038729825582731,0.3185325860977173,1.0,0.0
FMPadding,5,0.9024224459772844,2.113100528717041,0.830614829491642,8.452394485473633,1.0,0.0,1.0,0.0
Thresholding,5,0.9999998020316283,0.02693064697086811,0.9999997703822556,0.10847987979650497,1.0,0.0,1.0,0.0
LabelSelect,3,0.5263101753243087,10.577651977539062,-0.01271937851051197,9.427774429321289,1.0,0.0,1.0,0.0
StreamingDataWidthConverter,4,0.29547799016052856,39.44938659667969,-0.06564847707814536,256.3099670410156,1.0,0.0,1.0,0.0
